session_id,tracker_id,timestamp_ms,frame_id,x_px,y_px,x_norm,y_norm,confidence,validity,stim_id,event,task_name,target_x_px,target_y_px
2a9cd7dd-c16b-4622-81bb-03e9cdb2c2e1,webgazer,1765138709707,,375.1964025161825,400.78001602969374,0.29312218946576757,0.5566389111523524,1.0,0,calib_01_retry,stream,calibration,853.5,533.5
2a9cd7dd-c16b-4622-81bb-03e9cdb2c2e1,webgazer,1765138709906,,377.9970347022013,399.51197277345443,0.29531018336109477,0.5548777399631312,1.0,0,calib_01_retry,stream,calibration,853.5,533.5
2a9cd7dd-c16b-4622-81bb-03e9cdb2c2e1,webgazer,1765138710090,,388.9389632815438,394.6019058495294,0.3038585650637061,0.5480582025687908,1.0,0,calib_01_retry,stream,calibration,853.5,533.5
2a9cd7dd-c16b-4622-81bb-03e9cdb2c2e1,webgazer,1765138710248,,413.9728264527197,384.3935209172531,0.3234162706661873,0.5338798901628515,1.0,0,calib_01_retry,stream,calibration,,
2a9cd7dd-c16b-4622-81bb-03e9cdb2c2e1,webgazer,1765138710404,,445.08308942649825,361.23261249706076,0.34772116361445177,0.5017119618014733,1.0,0,calib_01_retry,stream,calibration,,
2a9cd7dd-c16b-4622-81bb-03e9cdb2c2e1,webgazer,1765138710589,,494.8630752040086,326.54358271674556,0.38661177750313175,0.45353275377325775,1.0,0,calib_02,stream,calibration,170.70000000000002,106.7
2a9cd7dd-c16b-4622-81bb-03e9cdb2c2e1,webgazer,1765138710730,,564.4222003137128,287.15022089863896,0.4409548439950881,0.39881975124810964,1.0,0,calib_02,stream,calibration,170.70000000000002,106.7
2a9cd7dd-c16b-4622-81bb-03e9cdb2c2e1,webgazer,1765138710859,,625.3861162458295,249.09848442844304,0.4885829033170543,0.34597011726172644,1.0,0,calib_02,stream,calibration,170.70000000000002,106.7
2a9cd7dd-c16b-4622-81bb-03e9cdb2c2e1,webgazer,1765138710998,,739.4967445939169,233.93074790196704,0.5777318317139976,0.32490381653050976,1.0,0,calib_02,stream,calibration,170.70000000000002,106.7
2a9cd7dd-c16b-4622-81bb-03e9cdb2c2e1,webgazer,1765138711137,,810.0375786555514,223.22400963227636,0.6328418583246496,0.31003334671149496,1.0,0,calib_02,stream,calibration,170.70000000000002,106.7
2a9cd7dd-c16b-4622-81bb-03e9cdb2c2e1,webgazer,1765138711272,,885.3629269323864,211.5570149143709,0.6916897866659268,0.2938291873810707,1.0,0,calib_02,stream,calibration,170.70000000000002,106.7
2a9cd7dd-c16b-4622-81bb-03e9cdb2c2e1,webgazer,1765138711411,,928.669323907904,202.17506343468014,0.72552290930305,0.2807986992148335,1.0,0,calib_02,stream,calibration,170.70000000000002,106.7
2a9cd7dd-c16b-4622-81bb-03e9cdb2c2e1,webgazer,1765138711549,,988.6071158754967,214.1922976153325,0.7723493092777318,0.2974893022435174,1.0,0,calib_02,stream,calibration,170.70000000000002,106.7
2a9cd7dd-c16b-4622-81bb-03e9cdb2c2e1,webgazer,1765138711687,,1024.8955615120788,208.84465495509346,0.8006996574313116,0.29006202077096316,1.0,0,calib_02,stream,calibration,170.70000000000002,106.7
2a9cd7dd-c16b-4622-81bb-03e9cdb2c2e1,webgazer,1765138711816,,1015.4042739176568,207.24006266934498,0.7932845889981694,0.28783342037409027,1.0,0,calib_02,stream,calibration,170.70000000000002,106.7
2a9cd7dd-c16b-4622-81bb-03e9cdb2c2e1,webgazer,1765138711945,,1042.0605675359016,196.28076410383943,0.814109818387423,0.27261217236644364,1.0,0,calib_02,stream,calibration,170.70000000000002,106.7
2a9cd7dd-c16b-4622-81bb-03e9cdb2c2e1,webgazer,1765138712072,,1050.1395960071832,199.49217719796363,0.8204215593806118,0.27707246833050503,1.0,0,calib_02,stream,calibration,,
2a9cd7dd-c16b-4622-81bb-03e9cdb2c2e1,webgazer,1765138712204,,978.7874648865154,189.77820225473272,0.7646777069425902,0.26358083646490654,1.0,0,calib_02,stream,calibration,,
2a9cd7dd-c16b-4622-81bb-03e9cdb2c2e1,webgazer,1765138712331,,973.1609653839733,201.72660162211534,0.7602820042062292,0.2801758355862713,1.0,0,calib_02,stream,calibration,,
2a9cd7dd-c16b-4622-81bb-03e9cdb2c2e1,webgazer,1765138712456,,970.6426855794244,206.29021453836913,0.7583145981089253,0.286514186858846,1.0,0,calib_02_retry,stream,calibration,170.70000000000002,106.7
2a9cd7dd-c16b-4622-81bb-03e9cdb2c2e1,webgazer,1765138712584,,929.2250773321862,205.22211629613508,0.7259570916657705,0.2850307170779654,1.0,0,calib_02_retry,stream,calibration,170.70000000000002,106.7
2a9cd7dd-c16b-4622-81bb-03e9cdb2c2e1,webgazer,1765138712711,,914.0907454537569,209.1590283351796,0.7141333948857476,0.29049865046552725,1.0,0,calib_02_retry,stream,calibration,170.70000000000002,106.7
2a9cd7dd-c16b-4622-81bb-03e9cdb2c2e1,webgazer,1765138712837,,868.9131081605661,211.6864778136118,0.6788383657504423,0.2940089969633497,1.0,0,calib_02_retry,stream,calibration,170.70000000000002,106.7
2a9cd7dd-c16b-4622-81bb-03e9cdb2c2e1,webgazer,1765138712962,,838.8989375752931,199.9179339136293,0.6553897949806977,0.2776637971022629,1.0,0,calib_02_retry,stream,calibration,170.70000000000002,106.7
2a9cd7dd-c16b-4622-81bb-03e9cdb2c2e1,webgazer,1765138713088,,803.2857850264204,201.1808319793745,0.627567019551891,0.2794178221935757,1.0,0,calib_02_retry,stream,calibration,170.70000000000002,106.7
2a9cd7dd-c16b-4622-81bb-03e9cdb2c2e1,webgazer,1765138713216,,779.0121585365941,201.79004722408462,0.6086032488567141,0.2802639544778953,1.0,0,calib_02_retry,stream,calibration,170.70000000000002,106.7
2a9cd7dd-c16b-4622-81bb-03e9cdb2c2e1,webgazer,1765138713344,,748.6006686416526,205.3261217198051,0.5848442723762911,0.28517516905528484,1.0,0,calib_02_retry,stream,calibration,170.70000000000002,106.7
2a9cd7dd-c16b-4622-81bb-03e9cdb2c2e1,webgazer,1765138713468,,708.850997221407,208.78210912887485,0.5537898415792243,0.28997515156788173,1.0,0,calib_02_retry,stream,calibration,170.70000000000002,106.7
2a9cd7dd-c16b-4622-81bb-03e9cdb2c2e1,webgazer,1765138713592,,719.888787450888,213.12139308711085,0.5624131151960062,0.2960019348432095,1.0,0,calib_02_retry,stream,calibration,170.70000000000002,106.7
2a9cd7dd-c16b-4622-81bb-03e9cdb2c2e1,webgazer,1765138713716,,728.4107176267463,215.8234753109344,0.5690708731458956,0.2997548268207422,1.0,0,calib_02_retry,stream,calibration,170.70000000000002,106.7
2a9cd7dd-c16b-4622-81bb-03e9cdb2c2e1,webgazer,1765138713845,,738.9675988948673,227.7506287256442,0.5773184366366151,0.3163203176745058,1.0,0,calib_02_retry,stream,calibration,170.70000000000002,106.7
2a9cd7dd-c16b-4622-81bb-03e9cdb2c2e1,webgazer,1765138713970,,728.669601011677,223.55791933763655,0.5692731257903726,0.3104971101911619,1.0,0,calib_02_retry,stream,calibration,,
2a9cd7dd-c16b-4622-81bb-03e9cdb2c2e1,webgazer,1765138714095,,693.3914763609862,213.0221379404292,0.5417120909070204,0.2958640804728183,1.0,0,calib_02_retry,stream,calibration,,
2a9cd7dd-c16b-4622-81bb-03e9cdb2c2e1,webgazer,1765138714221,,686.1666557101275,209.16498400524662,0.5360676997735372,0.2905069222295092,1.0,0,calib_03,stream,calibration,1536.3,106.7
2a9cd7dd-c16b-4622-81bb-03e9cdb2c2e1,webgazer,1765138714348,,709.3223870867058,215.80250002445356,0.5541581149114889,0.29972569447840774,1.0,0,calib_03,stream,calibration,1536.3,106.7
2a9cd7dd-c16b-4622-81bb-03e9cdb2c2e1,webgazer,1765138714473,,713.072024785059,208.12606274655997,0.5570875193633273,0.2890639760368888,1.0,0,calib_03,stream,calibration,1536.3,106.7
2a9cd7dd-c16b-4622-81bb-03e9cdb2c2e1,webgazer,1765138714599,,731.7196272988044,179.5490070737475,0.571655958827191,0.24937362093576043,1.0,0,calib_03,stream,calibration,1536.3,106.7
2a9cd7dd-c16b-4622-81bb-03e9cdb2c2e1,webgazer,1765138714724,,734.007035570092,169.8499395661652,0.5734429965391343,0.2359026938418961,1.0,0,calib_03,stream,calibration,1536.3,106.7
2a9cd7dd-c16b-4622-81bb-03e9cdb2c2e1,webgazer,1765138714851,,726.1069640386111,158.82848445696416,0.5672710656551649,0.22059511730133913,1.0,0,calib_03,stream,calibration,1536.3,106.7
2a9cd7dd-c16b-4622-81bb-03e9cdb2c2e1,webgazer,1765138714975,,747.9484947292275,144.66068264221636,0.584334761507209,0.20091761478085604,1.0,0,calib_03,stream,calibration,1536.3,106.7
2a9cd7dd-c16b-4622-81bb-03e9cdb2c2e1,webgazer,1765138715100,,753.5857547230495,131.0529433115716,0.5887388708773824,0.18201797682162724,1.0,0,calib_03,stream,calibration,1536.3,106.7
2a9cd7dd-c16b-4622-81bb-03e9cdb2c2e1,webgazer,1765138715225,,780.1744597641678,120.56658200727995,0.6095112966907561,0.16745358612122216,1.0,0,calib_03,stream,calibration,1536.3,106.7
2a9cd7dd-c16b-4622-81bb-03e9cdb2c2e1,webgazer,1765138715353,,776.8162387205225,109.05485346102655,0.6068876865004083,0.15146507425142577,1.0,0,calib_03,stream,calibration,1536.3,106.7
2a9cd7dd-c16b-4622-81bb-03e9cdb2c2e1,webgazer,1765138715478,,795.2785540756723,108.66334586382766,0.621311370371619,0.15092131369976064,1.0,0,calib_03,stream,calibration,1536.3,106.7
2a9cd7dd-c16b-4622-81bb-03e9cdb2c2e1,webgazer,1765138715603,,770.2344563323594,130.98857711799548,0.6017456690096558,0.1819285793305493,1.0,0,calib_03,stream,calibration,1536.3,106.7
2a9cd7dd-c16b-4622-81bb-03e9cdb2c2e1,webgazer,1765138715727,,748.2030654155551,136.79940329196663,0.5845336448559024,0.18999917123884255,1.0,0,calib_03,stream,calibration,,
2a9cd7dd-c16b-4622-81bb-03e9cdb2c2e1,webgazer,1765138715854,,728.8765684635616,133.09495412914933,0.5694348191121575,0.18485410295715185,1.0,0,calib_03,stream,calibration,,
2a9cd7dd-c16b-4622-81bb-03e9cdb2c2e1,webgazer,1765138715979,,756.6074576122646,129.9595757086893,0.5910995762595818,0.18049941070651293,1.0,0,calib_03_retry,stream,calibration,1536.3,106.7
2a9cd7dd-c16b-4622-81bb-03e9cdb2c2e1,webgazer,1765138716104,,802.2644674416836,118.73308038032555,0.6267691151888153,0.16490705608378547,1.0,0,calib_03_retry,stream,calibration,1536.3,106.7
2a9cd7dd-c16b-4622-81bb-03e9cdb2c2e1,webgazer,1765138716229,,850.2512861059914,117.0115102173937,0.6642588172703058,0.16251598641304682,1.0,0,calib_03_retry,stream,calibration,1536.3,106.7
2a9cd7dd-c16b-4622-81bb-03e9cdb2c2e1,webgazer,1765138716356,,843.1274616935467,118.27321005039231,0.6586933294480833,0.16426834729221154,1.0,0,calib_03_retry,stream,calibration,1536.3,106.7
2a9cd7dd-c16b-4622-81bb-03e9cdb2c2e1,webgazer,1765138716483,,832.6243299903902,122.03692425960669,0.6504877578049924,0.16949572813834263,1.0,0,calib_03_retry,stream,calibration,1536.3,106.7
2a9cd7dd-c16b-4622-81bb-03e9cdb2c2e1,webgazer,1765138716608,,818.4192939536767,123.65124139141558,0.6393900734013099,0.17173783526585498,1.0,0,calib_03_retry,stream,calibration,1536.3,106.7
2a9cd7dd-c16b-4622-81bb-03e9cdb2c2e1,webgazer,1765138716732,,806.5227996726252,127.94538371064161,0.6300959372442384,0.17770192182033556,1.0,0,calib_03_retry,stream,calibration,1536.3,106.7
2a9cd7dd-c16b-4622-81bb-03e9cdb2c2e1,webgazer,1765138716859,,832.8656731630299,122.49957677088538,0.6506763071586171,0.17013830107067415,1.0,0,calib_03_retry,stream,calibration,1536.3,106.7
2a9cd7dd-c16b-4622-81bb-03e9cdb2c2e1,webgazer,1765138716984,,857.637917383688,124.62906865542253,0.6700296229560062,0.17309592868808685,1.0,0,calib_03_retry,stream,calibration,1536.3,106.7
2a9cd7dd-c16b-4622-81bb-03e9cdb2c2e1,webgazer,1765138717108,,899.1032624889845,116.49587719635767,0.7024244238195191,0.16179982943938565,1.0,0,calib_03_retry,stream,calibration,1536.3,106.7
2a9cd7dd-c16b-4622-81bb-03e9cdb2c2e1,webgazer,1765138717232,,952.2704019070089,101.26183628766395,0.7439612514898507,0.14064143928842215,1.0,0,calib_03_retry,stream,calibration,1536.3,106.7
2a9cd7dd-c16b-4622-81bb-03e9cdb2c2e1,webgazer,1765138717358,,892.554717755419,113.06416633959007,0.6973083732464211,0.15703356436054178,1.0,0,calib_03_retry,stream,calibration,1536.3,106.7
2a9cd7dd-c16b-4622-81bb-03e9cdb2c2e1,webgazer,1765138717489,,894.9768815647699,114.29145935823792,0.6992006887224764,0.15873813799755265,1.0,0,calib_03_retry,stream,calibration,,
2a9cd7dd-c16b-4622-81bb-03e9cdb2c2e1,webgazer,1765138717613,,920.3537894900796,120.95396676894646,0.7190263980391247,0.16799162051242564,1.0,0,calib_03_retry,stream,calibration,,
2a9cd7dd-c16b-4622-81bb-03e9cdb2c2e1,webgazer,1765138717736,,944.5240730018188,123.58755324921508,0.7379094320326709,0.1716493795127987,1.0,0,calib_03_retry,stream,calibration,,
2a9cd7dd-c16b-4622-81bb-03e9cdb2c2e1,webgazer,1765138717865,,943.603778931385,114.27175861981294,0.7371904522901446,0.1587107758608513,1.0,0,calib_04,stream,calibration,1536.3,960.3000000000001
2a9cd7dd-c16b-4622-81bb-03e9cdb2c2e1,webgazer,1765138717992,,925.8156151281635,110.70392910979226,0.7232934493188777,0.1537554570969337,1.0,0,calib_04,stream,calibration,1536.3,960.3000000000001
2a9cd7dd-c16b-4622-81bb-03e9cdb2c2e1,webgazer,1765138718116,,852.0991851622726,114.91641389741129,0.6657024884080255,0.15960613041307123,1.0,0,calib_04,stream,calibration,1536.3,960.3000000000001
2a9cd7dd-c16b-4622-81bb-03e9cdb2c2e1,webgazer,1765138718239,,777.4265898479025,111.51674067200072,0.6073645233186739,0.15488436204444544,1.0,0,calib_04,stream,calibration,1536.3,960.3000000000001
2a9cd7dd-c16b-4622-81bb-03e9cdb2c2e1,webgazer,1765138718366,,730.367289211257,107.42725689212895,0.5705994446962945,0.1492045234612902,1.0,0,calib_04,stream,calibration,1536.3,960.3000000000001
2a9cd7dd-c16b-4622-81bb-03e9cdb2c2e1,webgazer,1765138718492,,684.7785297489984,108.04610772821061,0.5349832263664049,0.15006403851140362,1.0,0,calib_04,stream,calibration,1536.3,960.3000000000001
2a9cd7dd-c16b-4622-81bb-03e9cdb2c2e1,webgazer,1765138718616,,659.7935605593566,107.26420279298722,0.5154637191869973,0.14897805943470446,1.0,0,calib_04,stream,calibration,1536.3,960.3000000000001
2a9cd7dd-c16b-4622-81bb-03e9cdb2c2e1,webgazer,1765138718739,,652.1450006826385,104.20746837151596,0.5094882817833113,0.14473259496043883,1.0,0,calib_04,stream,calibration,1536.3,960.3000000000001
2a9cd7dd-c16b-4622-81bb-03e9cdb2c2e1,webgazer,1765138718866,,630.9722055771464,96.90278681454416,0.4929470356071456,0.1345872039090891,1.0,0,calib_04,stream,calibration,1536.3,960.3000000000001
2a9cd7dd-c16b-4622-81bb-03e9cdb2c2e1,webgazer,1765138718992,,606.2517424626781,91.26677781609457,0.4736341737989672,0.12675941363346468,1.0,0,calib_04,stream,calibration,1536.3,960.3000000000001
2a9cd7dd-c16b-4622-81bb-03e9cdb2c2e1,webgazer,1765138719116,,582.0277000931095,84.21176855288958,0.45470914069774176,0.11696078965679109,1.0,0,calib_04,stream,calibration,1536.3,960.3000000000001
2a9cd7dd-c16b-4622-81bb-03e9cdb2c2e1,webgazer,1765138719239,,559.0534007459199,86.49980986321488,0.43676046933275,0.12013862481002066,1.0,0,calib_04,stream,calibration,1536.3,960.3000000000001
2a9cd7dd-c16b-4622-81bb-03e9cdb2c2e1,webgazer,1765138719365,,549.1409685509708,90.08731030166342,0.4290163816804459,0.12512126430786585,1.0,0,calib_04,stream,calibration,,
2a9cd7dd-c16b-4622-81bb-03e9cdb2c2e1,webgazer,1765138719492,,555.044674377377,96.99096844448408,0.43362865185732574,0.13470967839511677,1.0,0,calib_04,stream,calibration,,
2a9cd7dd-c16b-4622-81bb-03e9cdb2c2e1,webgazer,1765138719617,,592.8185499893837,97.37616674274648,0.46313949217920597,0.13524467603159232,1.0,0,calib_04_retry,stream,calibration,1536.3,960.3000000000001
2a9cd7dd-c16b-4622-81bb-03e9cdb2c2e1,webgazer,1765138719745,,621.7082649708989,96.27265684881482,0.4857095820085147,0.1337120234011317,1.0,0,calib_04_retry,stream,calibration,1536.3,960.3000000000001
2a9cd7dd-c16b-4622-81bb-03e9cdb2c2e1,webgazer,1765138719877,,649.971608664242,99.55725051235308,0.507790319268939,0.13827395904493484,1.0,0,calib_04_retry,stream,calibration,1536.3,960.3000000000001
2a9cd7dd-c16b-4622-81bb-03e9cdb2c2e1,webgazer,1765138719999,,680.7972923282723,97.77323553585958,0.5318728846314628,0.13579616046647164,1.0,0,calib_04_retry,stream,calibration,1536.3,960.3000000000001
2a9cd7dd-c16b-4622-81bb-03e9cdb2c2e1,webgazer,1765138720119,,713.8624626764289,89.10063849419895,0.5577050489659601,0.12375088679749853,1.0,0,calib_04_retry,stream,calibration,1536.3,960.3000000000001
2a9cd7dd-c16b-4622-81bb-03e9cdb2c2e1,webgazer,1765138720240,,736.5650048103655,96.84951547080077,0.575441410008098,0.13451321593166773,1.0,0,calib_04_retry,stream,calibration,1536.3,960.3000000000001
2a9cd7dd-c16b-4622-81bb-03e9cdb2c2e1,webgazer,1765138720365,,749.2190317782652,92.05214738459465,0.5853273685767697,0.1278502047008259,1.0,0,calib_04_retry,stream,calibration,1536.3,960.3000000000001
2a9cd7dd-c16b-4622-81bb-03e9cdb2c2e1,webgazer,1765138720486,,759.7935711144885,99.72767833223517,0.5935887274331941,0.13851066435032663,1.0,0,calib_04_retry,stream,calibration,1536.3,960.3000000000001
2a9cd7dd-c16b-4622-81bb-03e9cdb2c2e1,webgazer,1765138720608,,761.1343437859297,107.17486908541912,0.5946362060827576,0.14885398484085988,1.0,0,calib_04_retry,stream,calibration,1536.3,960.3000000000001
2a9cd7dd-c16b-4622-81bb-03e9cdb2c2e1,webgazer,1765138720730,,770.9432096062461,98.96656789437213,0.6022993825048798,0.1374535665199613,1.0,0,calib_04_retry,stream,calibration,1536.3,960.3000000000001
2a9cd7dd-c16b-4622-81bb-03e9cdb2c2e1,webgazer,1765138720855,,773.0190119633276,89.08438428854032,0.6039211030963496,0.12372831151186155,1.0,0,calib_04_retry,stream,calibration,1536.3,960.3000000000001
2a9cd7dd-c16b-4622-81bb-03e9cdb2c2e1,webgazer,1765138720977,,750.0826178901766,90.11613134181879,0.5860020452267005,0.12516129353030386,1.0,0,calib_04_retry,stream,calibration,1536.3,960.3000000000001
2a9cd7dd-c16b-4622-81bb-03e9cdb2c2e1,webgazer,1765138721099,,717.9947756447714,96.60732568285162,0.5609334184724777,0.1341768412261828,1.0,0,calib_04_retry,stream,calibration,,
2a9cd7dd-c16b-4622-81bb-03e9cdb2c2e1,webgazer,1765138721220,,691.4256510430722,112.10482339124913,0.5401762898774002,0.15570114359895712,1.0,0,calib_04_retry,stream,calibration,,
2a9cd7dd-c16b-4622-81bb-03e9cdb2c2e1,webgazer,1765138721345,,677.6199327173259,125.26791753142429,0.5293905724354109,0.17398321879364484,1.0,0,calib_04_retry,stream,calibration,,
2a9cd7dd-c16b-4622-81bb-03e9cdb2c2e1,webgazer,1765138721468,,678.4282677546632,126.5329024081715,0.5300220841833306,0.1757401422335715,1.0,0,calib_05,stream,calibration,170.70000000000002,960.3000000000001
2a9cd7dd-c16b-4622-81bb-03e9cdb2c2e1,webgazer,1765138721588,,671.7884380893382,134.9192822636478,0.5248347172572955,0.18738789203284417,1.0,0,calib_05,stream,calibration,170.70000000000002,960.3000000000001
2a9cd7dd-c16b-4622-81bb-03e9cdb2c2e1,webgazer,1765138721709,,661.0495770778753,147.0982548032858,0.51644498209209,0.2043031316712303,1.0,0,calib_05,stream,calibration,170.70000000000002,960.3000000000001
2a9cd7dd-c16b-4622-81bb-03e9cdb2c2e1,webgazer,1765138721833,,652.3434530088798,151.92833898523753,0.5096433226631873,0.211011581923941,1.0,0,calib_05,stream,calibration,170.70000000000002,960.3000000000001
2a9cd7dd-c16b-4622-81bb-03e9cdb2c2e1,webgazer,1765138721955,,655.6587162480453,159.612137742469,0.5122333720687854,0.22168352464231805,1.0,0,calib_05,stream,calibration,170.70000000000002,960.3000000000001
2a9cd7dd-c16b-4622-81bb-03e9cdb2c2e1,webgazer,1765138722076,,660.5980465216458,157.56261438736874,0.5160922238450357,0.218836964426901,1.0,0,calib_05,stream,calibration,170.70000000000002,960.3000000000001
2a9cd7dd-c16b-4622-81bb-03e9cdb2c2e1,webgazer,1765138722197,,679.8978409041682,153.49635652840735,0.5311701882063814,0.21318938406723242,1.0,0,calib_05,stream,calibration,170.70000000000002,960.3000000000001
2a9cd7dd-c16b-4622-81bb-03e9cdb2c2e1,webgazer,1765138722322,,709.0750668127871,160.85868270331366,0.5539648959474899,0.22341483708793564,1.0,0,calib_05,stream,calibration,170.70000000000002,960.3000000000001
2a9cd7dd-c16b-4622-81bb-03e9cdb2c2e1,webgazer,1765138722446,,728.9898833918265,160.0357227135175,0.5695233463998645,0.22227183710210763,1.0,0,calib_05,stream,calibration,170.70000000000002,960.3000000000001
2a9cd7dd-c16b-4622-81bb-03e9cdb2c2e1,webgazer,1765138722574,,750.7395793521556,158.48095282272902,0.5865152963688716,0.22011243447601253,1.0,0,calib_05,stream,calibration,170.70000000000002,960.3000000000001
2a9cd7dd-c16b-4622-81bb-03e9cdb2c2e1,webgazer,1765138722694,,770.8404760178287,159.32183807784375,0.6022191218889287,0.2212803306636719,1.0,0,calib_05,stream,calibration,170.70000000000002,960.3000000000001
2a9cd7dd-c16b-4622-81bb-03e9cdb2c2e1,webgazer,1765138722818,,798.5081294423826,158.08242192246004,0.6238344761268614,0.21955891933675006,1.0,0,calib_05,stream,calibration,170.70000000000002,960.3000000000001
2a9cd7dd-c16b-4622-81bb-03e9cdb2c2e1,webgazer,1765138722942,,801.9992300505016,168.74216557701791,0.6265618984769544,0.2343641188569693,1.0,0,calib_05,stream,calibration,,
2a9cd7dd-c16b-4622-81bb-03e9cdb2c2e1,webgazer,1765138723068,,806.4344932127879,168.17112111928157,0.6300269478224905,0.23357100155455773,1.0,0,calib_05,stream,calibration,,
2a9cd7dd-c16b-4622-81bb-03e9cdb2c2e1,webgazer,1765138723192,,832.6399997821563,170.70203740879165,0.6504999998298097,0.2370861630677662,1.0,0,calib_05,stream,calibration,,
2a9cd7dd-c16b-4622-81bb-03e9cdb2c2e1,webgazer,1765138723322,,830.7662576957249,170.0554465409557,0.6490361388247851,0.23618812019577182,1.0,0,calib_05_retry,stream,calibration,170.70000000000002,960.3000000000001
2a9cd7dd-c16b-4622-81bb-03e9cdb2c2e1,webgazer,1765138723448,,842.0482096747303,168.59591349968633,0.657850163808383,0.23416099097178658,1.0,0,calib_05_retry,stream,calibration,170.70000000000002,960.3000000000001
2a9cd7dd-c16b-4622-81bb-03e9cdb2c2e1,webgazer,1765138723572,,847.4944461127602,173.63353586362132,0.6621050360255939,0.24115768869947404,1.0,0,calib_05_retry,stream,calibration,170.70000000000002,960.3000000000001
2a9cd7dd-c16b-4622-81bb-03e9cdb2c2e1,webgazer,1765138723695,,856.4097189730769,181.315407715251,0.6690700929477164,0.25182695516007086,1.0,0,calib_05_retry,stream,calibration,170.70000000000002,960.3000000000001
2a9cd7dd-c16b-4622-81bb-03e9cdb2c2e1,webgazer,1765138723822,,864.4397539799263,183.4208569613741,0.6753435577968174,0.25475119022413073,1.0,0,calib_05_retry,stream,calibration,170.70000000000002,960.3000000000001
2a9cd7dd-c16b-4622-81bb-03e9cdb2c2e1,webgazer,1765138723944,,858.7828083186713,181.7396282015021,0.670924068998962,0.252416150279864,1.0,0,calib_05_retry,stream,calibration,170.70000000000002,960.3000000000001
2a9cd7dd-c16b-4622-81bb-03e9cdb2c2e1,webgazer,1765138724065,,853.4932673204823,183.35804177380203,0.6667916150941269,0.2546639469080584,1.0,0,calib_05_retry,stream,calibration,170.70000000000002,960.3000000000001
2a9cd7dd-c16b-4622-81bb-03e9cdb2c2e1,webgazer,1765138724187,,840.7272536859476,186.3878540510793,0.6568181669421466,0.2588720195153879,1.0,0,calib_05_retry,stream,calibration,170.70000000000002,960.3000000000001
2a9cd7dd-c16b-4622-81bb-03e9cdb2c2e1,webgazer,1765138724311,,837.1261973669233,186.42862847027257,0.6540048416929088,0.25892865065315634,1.0,0,calib_05_retry,stream,calibration,170.70000000000002,960.3000000000001
2a9cd7dd-c16b-4622-81bb-03e9cdb2c2e1,webgazer,1765138724433,,839.6603084760683,191.25617209495428,0.6559846159969284,0.2656335723541032,1.0,0,calib_05_retry,stream,calibration,170.70000000000002,960.3000000000001
2a9cd7dd-c16b-4622-81bb-03e9cdb2c2e1,webgazer,1765138724554,,835.5433432879665,189.276913210899,0.6527682369437239,0.26288460168180416,1.0,0,calib_05_retry,stream,calibration,170.70000000000002,960.3000000000001
2a9cd7dd-c16b-4622-81bb-03e9cdb2c2e1,webgazer,1765138724675,,833.4119438314491,188.38602167872847,0.6511030811183196,0.2616472523315673,1.0,0,calib_05_retry,stream,calibration,170.70000000000002,960.3000000000001
2a9cd7dd-c16b-4622-81bb-03e9cdb2c2e1,webgazer,1765138724799,,821.2932718131099,196.2571951876107,0.6416353686039921,0.2725794377605704,1.0,0,calib_05_retry,stream,calibration,,
2a9cd7dd-c16b-4622-81bb-03e9cdb2c2e1,webgazer,1765138724921,,819.3805364643453,198.18961301951853,0.6401410441127697,0.27526335141599795,1.0,0,calib_05_retry,stream,calibration,,
2a9cd7dd-c16b-4622-81bb-03e9cdb2c2e1,webgazer,1765138725044,,817.9172749896514,201.46719006967052,0.6389978710856652,0.27981554176343126,1.0,0,calib_06,stream,calibration,853.5,106.7
2a9cd7dd-c16b-4622-81bb-03e9cdb2c2e1,webgazer,1765138725166,,807.4235295241773,193.7228019911568,0.6307996324407635,0.26905944720994,1.0,0,calib_06,stream,calibration,853.5,106.7
2a9cd7dd-c16b-4622-81bb-03e9cdb2c2e1,webgazer,1765138725289,,819.4757019174647,215.83252117315124,0.6402153921230193,0.2997673905182656,1.0,0,calib_06,stream,calibration,853.5,106.7
2a9cd7dd-c16b-4622-81bb-03e9cdb2c2e1,webgazer,1765138725412,,820.4257315488142,221.73206318921814,0.640957602772511,0.3079611988739141,1.0,0,calib_06,stream,calibration,853.5,106.7
2a9cd7dd-c16b-4622-81bb-03e9cdb2c2e1,webgazer,1765138725533,,794.0223665901159,214.96076429628243,0.6203299738985281,0.29855661707817005,1.0,0,calib_06,stream,calibration,853.5,106.7
2a9cd7dd-c16b-4622-81bb-03e9cdb2c2e1,webgazer,1765138725653,,794.3856154706559,221.10008412375484,0.6206137620864499,0.3070834501718817,1.0,0,calib_06,stream,calibration,853.5,106.7
2a9cd7dd-c16b-4622-81bb-03e9cdb2c2e1,webgazer,1765138725779,,795.1772150816787,227.49043732173234,0.6212321992825615,0.31595894072462827,1.0,0,calib_06,stream,calibration,853.5,106.7
2a9cd7dd-c16b-4622-81bb-03e9cdb2c2e1,webgazer,1765138725901,,797.0387070765247,245.57690390510052,0.6226864899035349,0.3410790332015285,1.0,0,calib_06,stream,calibration,853.5,106.7
2a9cd7dd-c16b-4622-81bb-03e9cdb2c2e1,webgazer,1765138726023,,784.4271641022845,237.24804756143226,0.6128337219549097,0.3295111771686559,1.0,0,calib_06,stream,calibration,853.5,106.7
2a9cd7dd-c16b-4622-81bb-03e9cdb2c2e1,webgazer,1765138726144,,786.5145811051674,235.80878184142887,0.614464516488412,0.32751219700198453,1.0,0,calib_06,stream,calibration,853.5,106.7
2a9cd7dd-c16b-4622-81bb-03e9cdb2c2e1,webgazer,1765138726268,,781.2549809392335,245.50261776293362,0.6103554538587762,0.3409758580040745,1.0,0,calib_06,stream,calibration,853.5,106.7
2a9cd7dd-c16b-4622-81bb-03e9cdb2c2e1,webgazer,1765138726390,,789.0797947558605,257.82253243164666,0.616468589653016,0.3580868505995093,1.0,0,calib_06,stream,calibration,853.5,106.7
2a9cd7dd-c16b-4622-81bb-03e9cdb2c2e1,webgazer,1765138726512,,789.0303482494949,260.08910034023137,0.6164299595699179,0.36123486158365464,1.0,0,calib_06,stream,calibration,853.5,106.7
2a9cd7dd-c16b-4622-81bb-03e9cdb2c2e1,webgazer,1765138726638,,797.996391806144,271.0853015555242,0.6234346810985499,0.37650736327156137,1.0,0,calib_06,stream,calibration,,
2a9cd7dd-c16b-4622-81bb-03e9cdb2c2e1,webgazer,1765138726760,,789.4795075308593,271.92510762777266,0.6167808652584839,0.37767376059412866,1.0,0,calib_06,stream,calibration,,
2a9cd7dd-c16b-4622-81bb-03e9cdb2c2e1,webgazer,1765138726882,,784.3744156583381,270.3213220445609,0.6127925122330766,0.37544628061744567,1.0,0,calib_06_retry,stream,calibration,853.5,106.7
2a9cd7dd-c16b-4622-81bb-03e9cdb2c2e1,webgazer,1765138727002,,776.8222194723274,263.57513050149146,0.6068923589627558,0.36607657014096034,1.0,0,calib_06_retry,stream,calibration,853.5,106.7
2a9cd7dd-c16b-4622-81bb-03e9cdb2c2e1,webgazer,1765138727127,,748.2206022528122,260.3332913617216,0.5845473455100095,0.3615740157801689,1.0,0,calib_06_retry,stream,calibration,853.5,106.7
2a9cd7dd-c16b-4622-81bb-03e9cdb2c2e1,webgazer,1765138727250,,767.7665353554496,253.95656383685062,0.599817605746445,0.35271744977340364,1.0,0,calib_06_retry,stream,calibration,853.5,106.7
2a9cd7dd-c16b-4622-81bb-03e9cdb2c2e1,webgazer,1765138727372,,725.6468426056183,241.86201373217088,0.5669115957856393,0.335919463516904,1.0,0,calib_06_retry,stream,calibration,853.5,106.7
2a9cd7dd-c16b-4622-81bb-03e9cdb2c2e1,webgazer,1765138727492,,720.9434865800231,235.53277365547046,0.563237098890643,0.3271288522992645,1.0,0,calib_06_retry,stream,calibration,853.5,106.7
2a9cd7dd-c16b-4622-81bb-03e9cdb2c2e1,webgazer,1765138727618,,738.5105971785138,239.56071227736356,0.5769614040457138,0.33272321149633827,1.0,0,calib_06_retry,stream,calibration,853.5,106.7
2a9cd7dd-c16b-4622-81bb-03e9cdb2c2e1,webgazer,1765138727740,,705.8613801310041,225.82300779756414,0.551454203227347,0.31364306638550576,1.0,0,calib_06_retry,stream,calibration,853.5,106.7
2a9cd7dd-c16b-4622-81bb-03e9cdb2c2e1,webgazer,1765138727861,,698.7819235235063,228.77317851322,0.5459233777527392,0.31774052571280553,1.0,0,calib_06_retry,stream,calibration,853.5,106.7
2a9cd7dd-c16b-4622-81bb-03e9cdb2c2e1,webgazer,1765138727981,,706.2675935756289,227.2329949845759,0.5517715574809601,0.31560138192302206,1.0,0,calib_06_retry,stream,calibration,853.5,106.7
2a9cd7dd-c16b-4622-81bb-03e9cdb2c2e1,webgazer,1765138728106,,714.5325204547098,207.50179316145707,0.558228531605242,0.28819693494646814,1.0,0,calib_06_retry,stream,calibration,853.5,106.7
2a9cd7dd-c16b-4622-81bb-03e9cdb2c2e1,webgazer,1765138728229,,733.7916333034458,198.1057245084025,0.573274713518317,0.27514683959500347,1.0,0,calib_06_retry,stream,calibration,853.5,106.7
2a9cd7dd-c16b-4622-81bb-03e9cdb2c2e1,webgazer,1765138728352,,745.6720436702453,188.97903881493394,0.5825562841173791,0.2624708872429638,1.0,0,calib_06_retry,stream,calibration,,
2a9cd7dd-c16b-4622-81bb-03e9cdb2c2e1,webgazer,1765138728472,,760.3114279685353,186.87385366622235,0.5939933031004182,0.25954701898086435,1.0,0,calib_06_retry,stream,calibration,,
2a9cd7dd-c16b-4622-81bb-03e9cdb2c2e1,webgazer,1765138728598,,737.0546954069837,183.87357797610966,0.575823980786706,0.2553799694112634,1.0,0,calib_06_retry,stream,calibration,,
2a9cd7dd-c16b-4622-81bb-03e9cdb2c2e1,webgazer,1765138728722,,730.0344531989554,192.63624584061392,0.5703394165616839,0.2675503414452971,1.0,0,calib_07,stream,calibration,1536.3,533.5
2a9cd7dd-c16b-4622-81bb-03e9cdb2c2e1,webgazer,1765138728843,,738.4481384624827,190.7914746749217,0.5769126081738146,0.26498815927072455,1.0,0,calib_07,stream,calibration,1536.3,533.5
2a9cd7dd-c16b-4622-81bb-03e9cdb2c2e1,webgazer,1765138728964,,721.4297868033349,177.59662197590845,0.5636170209401054,0.2466619749665395,1.0,0,calib_07,stream,calibration,1536.3,533.5
2a9cd7dd-c16b-4622-81bb-03e9cdb2c2e1,webgazer,1765138729088,,710.2971228166995,158.9309076520646,0.5549196272005464,0.22073737173897862,1.0,0,calib_07,stream,calibration,1536.3,533.5
2a9cd7dd-c16b-4622-81bb-03e9cdb2c2e1,webgazer,1765138729210,,705.633694389574,146.28260140001294,0.5512763237418546,0.2031702797222402,1.0,0,calib_07,stream,calibration,1536.3,533.5
2a9cd7dd-c16b-4622-81bb-03e9cdb2c2e1,webgazer,1765138729330,,679.3350435181172,145.7063054436274,0.5307305027485291,0.20236986867170473,1.0,0,calib_07,stream,calibration,1536.3,533.5
2a9cd7dd-c16b-4622-81bb-03e9cdb2c2e1,webgazer,1765138729452,,668.610937854824,131.9923515784759,0.5223522951990812,0.18332271052566096,1.0,0,calib_07,stream,calibration,1536.3,533.5
2a9cd7dd-c16b-4622-81bb-03e9cdb2c2e1,webgazer,1765138729579,,673.2704374071238,130.28673896877976,0.5259925292243155,0.18095380412330522,1.0,0,calib_07,stream,calibration,1536.3,533.5
2a9cd7dd-c16b-4622-81bb-03e9cdb2c2e1,webgazer,1765138729700,,702.8394281293698,125.06242917634992,0.5490933032260702,0.173697818300486,1.0,0,calib_07,stream,calibration,1536.3,533.5
2a9cd7dd-c16b-4622-81bb-03e9cdb2c2e1,webgazer,1765138729821,,749.6422592911572,116.1187734465628,0.5856580150712165,0.16127607423133722,1.0,0,calib_07,stream,calibration,1536.3,533.5
2a9cd7dd-c16b-4622-81bb-03e9cdb2c2e1,webgazer,1765138729943,,776.933514775275,108.6059035291228,0.6069793084181836,0.15084153267933723,1.0,0,calib_07,stream,calibration,1536.3,533.5
2a9cd7dd-c16b-4622-81bb-03e9cdb2c2e1,webgazer,1765138730067,,775.2570901122637,99.20406037056735,0.605669601650206,0.13778341718134354,1.0,0,calib_07,stream,calibration,1536.3,533.5
2a9cd7dd-c16b-4622-81bb-03e9cdb2c2e1,webgazer,1765138730190,,778.6328280379405,94.71354617906606,0.608306896904641,0.13154659191536952,1.0,0,calib_07,stream,calibration,,
2a9cd7dd-c16b-4622-81bb-03e9cdb2c2e1,webgazer,1765138730311,,775.309605474837,96.32864119154299,0.6057106292772164,0.1337897794326986,1.0,0,calib_07,stream,calibration,,
2a9cd7dd-c16b-4622-81bb-03e9cdb2c2e1,webgazer,1765138730432,,779.9117102473351,109.80155303427131,0.6093060236307306,0.15250215699204347,1.0,0,calib_07,stream,calibration,,
2a9cd7dd-c16b-4622-81bb-03e9cdb2c2e1,webgazer,1765138730557,,793.7857599541792,107.39953034608077,0.6201451249642025,0.14916601436955662,1.0,0,calib_07_retry,stream,calibration,1536.3,533.5
2a9cd7dd-c16b-4622-81bb-03e9cdb2c2e1,webgazer,1765138730679,,785.9252679173256,103.35118986335499,0.6140041155604107,0.1435433192546597,1.0,0,calib_07_retry,stream,calibration,1536.3,533.5
2a9cd7dd-c16b-4622-81bb-03e9cdb2c2e1,webgazer,1765138730800,,761.9988540509705,102.09526583859578,0.5953116047273207,0.14179898033138302,1.0,0,calib_07_retry,stream,calibration,1536.3,533.5
2a9cd7dd-c16b-4622-81bb-03e9cdb2c2e1,webgazer,1765138730922,,766.2696494532885,98.62003551748961,0.5986481636353816,0.1369722715520689,1.0,0,calib_07_retry,stream,calibration,1536.3,533.5
2a9cd7dd-c16b-4622-81bb-03e9cdb2c2e1,webgazer,1765138731046,,756.5262064002343,100.36579562828913,0.591036098750183,0.1393969383726238,1.0,0,calib_07_retry,stream,calibration,1536.3,533.5
2a9cd7dd-c16b-4622-81bb-03e9cdb2c2e1,webgazer,1765138731169,,795.8374595437058,96.07183170863154,0.6217480152685202,0.13343309959532157,1.0,0,calib_07_retry,stream,calibration,1536.3,533.5
2a9cd7dd-c16b-4622-81bb-03e9cdb2c2e1,webgazer,1765138731290,,777.7224202312505,97.47961330375705,0.6075956408056644,0.1353883518107737,1.0,0,calib_07_retry,stream,calibration,1536.3,533.5
2a9cd7dd-c16b-4622-81bb-03e9cdb2c2e1,webgazer,1765138731410,,757.0181995646407,101.67344892279635,0.5914204684098755,0.14121312350388382,1.0,0,calib_07_retry,stream,calibration,1536.3,533.5
2a9cd7dd-c16b-4622-81bb-03e9cdb2c2e1,webgazer,1765138731536,,742.3600315674282,98.93775338068689,0.5799687746620533,0.13741354636206513,1.0,0,calib_07_retry,stream,calibration,1536.3,533.5
2a9cd7dd-c16b-4622-81bb-03e9cdb2c2e1,webgazer,1765138731658,,738.5208871302046,95.8753813122019,0.5769694430704724,0.13316025182250263,1.0,0,calib_07_retry,stream,calibration,1536.3,533.5
2a9cd7dd-c16b-4622-81bb-03e9cdb2c2e1,webgazer,1765138731780,,727.4174188438628,93.61533295832182,0.5682948584717679,0.13002129577544697,1.0,0,calib_07_retry,stream,calibration,1536.3,533.5
2a9cd7dd-c16b-4622-81bb-03e9cdb2c2e1,webgazer,1765138731901,,714.0678855141651,96.68561408354446,0.5578655355579415,0.13428557511603398,1.0,0,calib_07_retry,stream,calibration,1536.3,533.5
2a9cd7dd-c16b-4622-81bb-03e9cdb2c2e1,webgazer,1765138732026,,706.000640593537,101.15261487548426,0.5515630004637008,0.14048974288261704,1.0,0,calib_07_retry,stream,calibration,,
2a9cd7dd-c16b-4622-81bb-03e9cdb2c2e1,webgazer,1765138732148,,712.5780505262144,101.69161302140165,0.556701601973605,0.1412383514186134,1.0,0,calib_07_retry,stream,calibration,,
2a9cd7dd-c16b-4622-81bb-03e9cdb2c2e1,webgazer,1765138732270,,713.1901694407121,109.29324756504138,0.5571798198755563,0.15179617717366858,1.0,0,calib_08,stream,calibration,853.5,960.3000000000001
2a9cd7dd-c16b-4622-81bb-03e9cdb2c2e1,webgazer,1765138732390,,719.6987776760752,112.39581306282166,0.5622646700594338,0.15610529592058564,1.0,0,calib_08,stream,calibration,853.5,960.3000000000001
2a9cd7dd-c16b-4622-81bb-03e9cdb2c2e1,webgazer,1765138732514,,689.9209193873885,127.91353899687853,0.5390007182713973,0.17765769305122017,1.0,0,calib_08,stream,calibration,853.5,960.3000000000001
2a9cd7dd-c16b-4622-81bb-03e9cdb2c2e1,webgazer,1765138732637,,699.3848640912083,130.23945247231333,0.5463944250712565,0.1808881284337685,1.0,0,calib_08,stream,calibration,853.5,960.3000000000001
2a9cd7dd-c16b-4622-81bb-03e9cdb2c2e1,webgazer,1765138732758,,698.3215035092396,131.81560020102563,0.5455636746165935,0.18307722250142447,1.0,0,calib_08,stream,calibration,853.5,960.3000000000001
2a9cd7dd-c16b-4622-81bb-03e9cdb2c2e1,webgazer,1765138732879,,706.0978985049586,145.57644484732091,0.5516389832069989,0.20218950673239014,1.0,0,calib_08,stream,calibration,853.5,960.3000000000001
2a9cd7dd-c16b-4622-81bb-03e9cdb2c2e1,webgazer,1765138733003,,714.078960182228,161.54190000682678,0.5578741876423656,0.22436375000948164,1.0,0,calib_08,stream,calibration,853.5,960.3000000000001
2a9cd7dd-c16b-4622-81bb-03e9cdb2c2e1,webgazer,1765138733126,,703.3990336555537,167.44983713109113,0.5495304950434013,0.23256921823762658,1.0,0,calib_08,stream,calibration,853.5,960.3000000000001
2a9cd7dd-c16b-4622-81bb-03e9cdb2c2e1,webgazer,1765138733247,,712.4094360464859,166.92632096262682,0.5565698719113171,0.2318421124480928,1.0,0,calib_08,stream,calibration,853.5,960.3000000000001
2a9cd7dd-c16b-4622-81bb-03e9cdb2c2e1,webgazer,1765138733368,,706.1476686595536,163.46267548990753,0.5516778661402763,0.22703149373598266,1.0,0,calib_08,stream,calibration,853.5,960.3000000000001
2a9cd7dd-c16b-4622-81bb-03e9cdb2c2e1,webgazer,1765138733493,,672.9813031134302,153.20933913870707,0.5257666430573673,0.2127907488037598,1.0,0,calib_08,stream,calibration,853.5,960.3000000000001
2a9cd7dd-c16b-4622-81bb-03e9cdb2c2e1,webgazer,1765138733614,,658.6527383234161,133.34575336716193,0.5145724518151689,0.18520243523216934,1.0,0,calib_08,stream,calibration,853.5,960.3000000000001
2a9cd7dd-c16b-4622-81bb-03e9cdb2c2e1,webgazer,1765138733736,,636.3477868714888,124.64991680616812,0.4971467084933506,0.17312488445301127,1.0,0,calib_08,stream,calibration,853.5,960.3000000000001
2a9cd7dd-c16b-4622-81bb-03e9cdb2c2e1,webgazer,1765138733857,,635.8607394324669,121.61771725545987,0.4967662026816147,0.1689134961881387,1.0,0,calib_08,stream,calibration,,
2a9cd7dd-c16b-4622-81bb-03e9cdb2c2e1,webgazer,1765138733982,,650.2501686104831,106.10520957303697,0.50800794422694,0.14736834662921802,1.0,0,calib_08,stream,calibration,,
2a9cd7dd-c16b-4622-81bb-03e9cdb2c2e1,webgazer,1765138734107,,650.8341741898748,101.18626359330975,0.5084641985858397,0.1405364772129302,1.0,0,calib_08_retry,stream,calibration,853.5,960.3000000000001
2a9cd7dd-c16b-4622-81bb-03e9cdb2c2e1,webgazer,1765138734228,,651.8612466643783,88.28325779037381,0.5092665989565456,0.12261563581996363,1.0,0,calib_08_retry,stream,calibration,853.5,960.3000000000001
2a9cd7dd-c16b-4622-81bb-03e9cdb2c2e1,webgazer,1765138734349,,655.3335390911934,86.43605910796158,0.5119793274149949,0.12005008209439108,1.0,0,calib_08_retry,stream,calibration,853.5,960.3000000000001
2a9cd7dd-c16b-4622-81bb-03e9cdb2c2e1,webgazer,1765138734475,,660.2115954362695,89.93019697034495,0.5157903089345856,0.12490305134770131,1.0,0,calib_08_retry,stream,calibration,853.5,960.3000000000001
2a9cd7dd-c16b-4622-81bb-03e9cdb2c2e1,webgazer,1765138734599,,649.0975935746178,95.37836994102089,0.5071074949801702,0.1324699582514179,1.0,0,calib_08_retry,stream,calibration,853.5,960.3000000000001
2a9cd7dd-c16b-4622-81bb-03e9cdb2c2e1,webgazer,1765138734721,,652.9232009942995,108.84449373091815,0.5100962507767964,0.15117290795960853,1.0,0,calib_08_retry,stream,calibration,853.5,960.3000000000001
2a9cd7dd-c16b-4622-81bb-03e9cdb2c2e1,webgazer,1765138734848,,644.1045412489298,123.51140616532203,0.5032066728507264,0.17154361967405837,1.0,0,calib_08_retry,stream,calibration,853.5,960.3000000000001
2a9cd7dd-c16b-4622-81bb-03e9cdb2c2e1,webgazer,1765138734977,,632.4746771012694,139.55795516982639,0.4941208414853668,0.19383049329142554,1.0,0,calib_08_retry,stream,calibration,853.5,960.3000000000001
2a9cd7dd-c16b-4622-81bb-03e9cdb2c2e1,webgazer,1765138735099,,662.1454286771211,146.6644570203487,0.5173011161540009,0.2037006347504843,1.0,0,calib_08_retry,stream,calibration,853.5,960.3000000000001
2a9cd7dd-c16b-4622-81bb-03e9cdb2c2e1,webgazer,1765138735220,,677.4223139295607,150.76228052349327,0.5292361827574693,0.20939205628262955,1.0,0,calib_08_retry,stream,calibration,853.5,960.3000000000001
2a9cd7dd-c16b-4622-81bb-03e9cdb2c2e1,webgazer,1765138735353,,703.4427828011346,158.75929803216596,0.5495646740633864,0.22049902504467495,1.0,0,calib_08_retry,stream,calibration,853.5,960.3000000000001
2a9cd7dd-c16b-4622-81bb-03e9cdb2c2e1,webgazer,1765138735485,,701.8511506453863,155.39136832989485,0.548321211441708,0.21582134490263172,1.0,0,calib_08_retry,stream,calibration,853.5,960.3000000000001
2a9cd7dd-c16b-4622-81bb-03e9cdb2c2e1,webgazer,1765138735610,,704.2691636113018,156.15466316308445,0.5502102840713295,0.21688147661539506,1.0,0,calib_08_retry,stream,calibration,,
2a9cd7dd-c16b-4622-81bb-03e9cdb2c2e1,webgazer,1765138735737,,687.6655992567166,154.6974945288672,0.5372387494193098,0.21485763129009333,1.0,0,calib_08_retry,stream,calibration,,
2a9cd7dd-c16b-4622-81bb-03e9cdb2c2e1,webgazer,1765138735862,,674.5684513726541,150.98485605901834,0.527006602634886,0.2097011889708588,1.0,0,calib_08_retry,stream,calibration,,
2a9cd7dd-c16b-4622-81bb-03e9cdb2c2e1,webgazer,1765138735993,,668.1531943400756,140.81979081332906,0.5219946830781841,0.19558304279629035,1.0,0,calib_09,stream,calibration,170.70000000000002,533.5
2a9cd7dd-c16b-4622-81bb-03e9cdb2c2e1,webgazer,1765138736124,,698.4805085008287,135.76944777045415,0.5456878972662724,0.18856867745896408,1.0,0,calib_09,stream,calibration,170.70000000000002,533.5
2a9cd7dd-c16b-4622-81bb-03e9cdb2c2e1,webgazer,1765138736246,,724.225862184609,163.3868841760243,0.5658014548317258,0.22692622802225595,1.0,0,calib_09,stream,calibration,170.70000000000002,533.5
2a9cd7dd-c16b-4622-81bb-03e9cdb2c2e1,webgazer,1765138736367,,764.3790093494403,180.03586035108052,0.5971711010542502,0.2500498060431674,1.0,0,calib_09,stream,calibration,170.70000000000002,533.5
2a9cd7dd-c16b-4622-81bb-03e9cdb2c2e1,webgazer,1765138736491,,828.3726144057621,195.90205334112602,0.6471661050045017,0.27208618519600836,1.0,0,calib_09,stream,calibration,170.70000000000002,533.5
2a9cd7dd-c16b-4622-81bb-03e9cdb2c2e1,webgazer,1765138736613,,860.255190596421,206.68233171971028,0.672074367653454,0.28705879405515317,1.0,0,calib_09,stream,calibration,170.70000000000002,533.5
2a9cd7dd-c16b-4622-81bb-03e9cdb2c2e1,webgazer,1765138736734,,883.1909047787304,212.12339422872748,0.6899928943583832,0.29461582531767705,1.0,0,calib_09,stream,calibration,170.70000000000002,533.5
2a9cd7dd-c16b-4622-81bb-03e9cdb2c2e1,webgazer,1765138736855,,915.9782649900103,217.9984666394337,0.7156080195234455,0.3027756481103246,1.0,0,calib_09,stream,calibration,170.70000000000002,533.5
2a9cd7dd-c16b-4622-81bb-03e9cdb2c2e1,webgazer,1765138736979,,924.7345717974912,232.88262819396002,0.72244888421679,0.32344809471383335,1.0,0,calib_09,stream,calibration,170.70000000000002,533.5
2a9cd7dd-c16b-4622-81bb-03e9cdb2c2e1,webgazer,1765138737100,,924.0628412324197,247.47448765318654,0.7219240947128279,0.3437145661849813,1.0,0,calib_09,stream,calibration,170.70000000000002,533.5
2a9cd7dd-c16b-4622-81bb-03e9cdb2c2e1,webgazer,1765138737221,,916.0176401857784,254.76036196139628,0.7156387813951394,0.35383383605749485,1.0,0,calib_09,stream,calibration,170.70000000000002,533.5
2a9cd7dd-c16b-4622-81bb-03e9cdb2c2e1,webgazer,1765138737342,,902.0749609152028,256.7773508924713,0.7047460632150022,0.3566352095728768,1.0,0,calib_09,stream,calibration,170.70000000000002,533.5
2a9cd7dd-c16b-4622-81bb-03e9cdb2c2e1,webgazer,1765138737468,,901.810081124614,253.92816803921238,0.7045391258786047,0.35267801116557274,1.0,0,calib_09,stream,calibration,,
2a9cd7dd-c16b-4622-81bb-03e9cdb2c2e1,webgazer,1765138737591,,873.2159979394353,230.90087209538495,0.6821999983901839,0.32069565568803465,1.0,0,calib_09,stream,calibration,,
2a9cd7dd-c16b-4622-81bb-03e9cdb2c2e1,webgazer,1765138737713,,861.9233971143238,220.91038847654892,0.6733776539955655,0.3068199839952068,1.0,0,calib_09_retry,stream,calibration,170.70000000000002,533.5
2a9cd7dd-c16b-4622-81bb-03e9cdb2c2e1,webgazer,1765138737834,,848.2985582507565,205.91972575106647,0.6627332486334035,0.2859996190987034,1.0,0,calib_09_retry,stream,calibration,170.70000000000002,533.5
2a9cd7dd-c16b-4622-81bb-03e9cdb2c2e1,webgazer,1765138737959,,825.2732189736292,200.9381571882389,0.6447447023231478,0.27908077387255403,1.0,0,calib_09_retry,stream,calibration,170.70000000000002,533.5
2a9cd7dd-c16b-4622-81bb-03e9cdb2c2e1,webgazer,1765138738083,,820.7949704994131,183.52463425445893,0.6412460707026665,0.2548953253534152,1.0,0,calib_09_retry,stream,calibration,170.70000000000002,533.5
2a9cd7dd-c16b-4622-81bb-03e9cdb2c2e1,webgazer,1765138738204,,812.0350133334168,161.2552231379329,0.6344023541667319,0.22396558769157346,1.0,0,calib_09_retry,stream,calibration,170.70000000000002,533.5
2a9cd7dd-c16b-4622-81bb-03e9cdb2c2e1,webgazer,1765138738326,,799.6290337197509,149.58716728755067,0.6247101825935554,0.2077599545660426,1.0,0,calib_09_retry,stream,calibration,170.70000000000002,533.5
2a9cd7dd-c16b-4622-81bb-03e9cdb2c2e1,webgazer,1765138738450,,789.0972584739213,132.9554961491356,0.6164822331827511,0.18466041131824387,1.0,0,calib_09_retry,stream,calibration,170.70000000000002,533.5
2a9cd7dd-c16b-4622-81bb-03e9cdb2c2e1,webgazer,1765138738572,,771.0533538773327,129.59184833072013,0.6023854327166662,0.1799886782371113,1.0,0,calib_09_retry,stream,calibration,170.70000000000002,533.5
2a9cd7dd-c16b-4622-81bb-03e9cdb2c2e1,webgazer,1765138738692,,762.1968890606418,131.98459043650786,0.5954663195786264,0.18331193116181646,1.0,0,calib_09_retry,stream,calibration,170.70000000000002,533.5
2a9cd7dd-c16b-4622-81bb-03e9cdb2c2e1,webgazer,1765138738813,,760.1585943661108,133.2921053910107,0.5938739018485241,0.1851279241541815,1.0,0,calib_09_retry,stream,calibration,170.70000000000002,533.5
2a9cd7dd-c16b-4622-81bb-03e9cdb2c2e1,webgazer,1765138738938,,771.9648155709522,138.10903184573166,0.6030975121648063,0.19181809978573844,1.0,0,calib_09_retry,stream,calibration,170.70000000000002,533.5
2a9cd7dd-c16b-4622-81bb-03e9cdb2c2e1,webgazer,1765138739060,,779.3331485163013,145.35113958223533,0.6088540222783604,0.20187658275310463,1.0,0,calib_09_retry,stream,calibration,170.70000000000002,533.5
2a9cd7dd-c16b-4622-81bb-03e9cdb2c2e1,webgazer,1765138739183,,785.7382346751247,154.0582978516391,0.6138579958399412,0.21396985812727654,1.0,0,calib_09_retry,stream,calibration,,
2a9cd7dd-c16b-4622-81bb-03e9cdb2c2e1,webgazer,1765138739304,,784.0536541845872,159.20309853100878,0.6125419173317088,0.22111541462640108,1.0,0,calib_09_retry,stream,calibration,,
2a9cd7dd-c16b-4622-81bb-03e9cdb2c2e1,webgazer,1765138739428,,783.3806419783211,156.09633322765882,0.6120161265455634,0.2168004628161928,1.0,0,calib_09_retry,stream,calibration,,
